,,,,,,,,,,,,,
,Áudios,Ruído,Sobreposição,Gên. Diferentes,Vozes Seq.,Gên. Diferente + Sobreposição,Gên. Diferente + Vozes Seq.,,,,,,
Anátale,bpubcv09_segment528_neutral.wav,Sim,Sim,Não,Não,Não,Não,,,,Gênero Diferente,,
,bpubcv09_segment543_neutral.wav,Sim,Sim,Não,Não,Não,Não, ,,,Sobreposição,Vozes Seq.,
,bpubcv09_segment557_non-neutral-female.wav,Sim,Não,Não,Não,Não,Não,,,Non-neutral,24,2,
,bpubcv09_segment558_neutral.wav,Sim,Não,Não,Não,Não,Não,,,Neutral,53,3,
,bpubcv09_segment566_neutral.wav,Sim,Sim,Não,Não,Não,Não,,,,,,
,bpubdl01_segment230_neutral.wav,Sim,Não,Não,Não,Não,Não,,,"Dos 26 áudios non-neutral que apresentam gênero diferente, 24 estão em sobreposição e apenas 2 estão em sequência.",,,
,bpubdl01_segment233_neutral.wav,Sim,Não,Não,Não,Não,Não,,,"Dos 56 áudios neutral que apresentam gênero diferente, 53 estão em sobreposição e apenas 3 estão em sequência.",,,
,bpubdl01_segment237_neutral.wav,Sim,Não,Não,Não,Não,Não,,,,,,
,bpubdl01_segment240_neutral.wav,Sim,Não,Não,Não,Não,Não,,,,,,
,bpubdl01_segment328_neutral.wav,Não,Não,Não,Não,Não,Não,,,Non-neutral audios,,,
,bpubdl01_segment330_non-neutral-male.wav,Não,Não,Não,Não,Não,Não,,,,Yes,No,Total
,bpubdl01_segment333_neutral.wav,Sim,Não,Não,Não,Não,Não,,,Noise,97,37,134
,bpubdl02_segment217_neutral.wav,Sim,Não,Não,Não,Não,Não,,,Overlap,62,72,134
,bpubdl02_segment222_neutral.wav,Sim,Não,Não,Não,Não,Não,,,Different gender,26,108,134
,bpubdl02_segment233_neutral.wav,Sim,Não,Não,Não,Não,Não,,,Voices in seq.,10,124,134
,bpubdl02_segment234_neutral.wav,Sim,Não,Não,Não,Não,Não,,,,,,
,bpubdl02_segment247_non-neutral-male.wav,Sim,Sim,Sim,Não,Sim,Não,,,Neutral audios,,,
,bpubdl02_segment252_neutral.wav,Sim,Sim,Sim,Não,Sim,Não,,,,Yes,No,Total
,bpubdl03_segment443_non-neutral-male.wav,Sim,Não,Não,Não,Não,Não,,,Noise,357,134,491
,bpubdl03_segment447_neutral.wav,Sim,Sim,Não,Não,Não,Não,,,Overlap,134,357,491
,bpubdl03_segment467_neutral.wav,Sim,Não,Não,Não,Não,Não,,,Different gender,56,435,491
,bpubdl04_segment104_neutral.wav,Sim,Não,Não,Não,Não,Não,,,Voices in seq.,12,479,491
,bpubdl04_segment107_neutral.wav,Sim,Não,Não,Não,Não,Não,,,,,,
,bpubdl04_segment110_neutral.wav,Sim,Não,Não,Não,Não,Não,,,,,,
,bpubdl04_segment123_neutral.wav,Sim,Sim,Sim,Não,Sim,Não,,,,,,
,bpubdl04_segment127_neutral.wav,Sim,Não,Não,Não,Não,Não,,,,,,
,bpubdl07_segment228_neutral.wav,Sim,Sim,Não,Não,Não,Não,,,,,,
,bpubdl07_segment231_neutral.wav,Sim,Sim,Não,Não,Não,Não,,,,,,
,bpubdl07_segment353_neutral.wav,Sim,Sim,Não,Não,Não,Não,,,,,,
,bpubdl07_segment399_neutral.wav,Sim,Sim,Não,Não,Não,Não,,,,,,
,bpubdl07_segment425_neutral.wav,Sim,Não,Não,Não,Não,Não,,,,,,
,bpubdl07_segment434_neutral.wav,Sim,Não,Não,Não,Não,Não,,,,,,
,bpubdl07_segment438_neutral.wav,Sim,Não,Não,Não,Não,Não,,,,,,
,bpubdl07_segment440_non-neutral-male.wav,Sim,Não,Sim,Sim,Não,Sim,,,,,,
,bpubdl07_segment442_neutral.wav,Sim,Não,Não,Não,Não,Não,,,,,,
,bpubdl07_segment444_neutral.wav,Sim,Não,Não,Não,Não,Não,,,,,,
,bpubdl07_segment501_neutral.wav,Sim,Não,Não,Não,Não,Não,,,,,,
,bpubdl07_segment507_neutral.wav,Sim,Não,Não,Não,Não,Não,,,,,,
,bpubdl07_segment522_non-neutral-male.wav,Sim,Não,Não,Não,Não,Não,,,,,,
,bpubdl07_segment523_neutral.wav,Sim,Não,Não,Não,Não,Não,,,,,,
,bpubdl07_segment526_neutral.wav,Sim,Não,Não,Não,Não,Não,,,,,,
,bpubdl07_segment759_neutral.wav,Sim,Não,Não,Não,Não,Não,,,,,,
,bpubdl07_segment763_neutral.wav,Sim,Não,Não,Não,Não,Não,,,,,,
,bpubdl07_segment766_non-neutral-male.wav,Sim,Sim,Sim,Não,Sim,Não,,,,,,
,bpubdl07_segment771_neutral.wav,Sim,Não,Não,Não,Não,Não,,,,,,
,bpubdl07_segment819_neutral.wav,Sim,Não,Não,Não,Não,Não,,,,,,
,bpubdl08_segment252_neutral.wav,Não,Sim,Sim,Não,Sim,Não,,,,,,
,bpubdl08_segment254_neutral.wav,Não,Sim,Sim,Não,Sim,Não,,,,,,
,bpubdl08_segment262_neutral.wav,Sim,Sim,Sim,Não,Sim,Não,,,,,,
,bpubdl08_segment272_neutral.wav,Não,Sim,Sim,Não,Sim,Não,,,,,,
,bpubdl08_segment274_neutral.wav,Não,Sim,Sim,Não,Sim,Não,,,,,,
,bpubdl08_segment281_neutral.wav,Não,Não,Não,Não,Não,Não,,,,,,
,bpubdl08_segment283_neutral.wav,Não,Sim,Sim,Não,Sim,Não,,,,,,
,bpubdl08_segment288_neutral.wav,Sim,Não,Não,Não,Não,Não,,,,,,
,bpubdl08_segment316_neutral.wav,Não,Sim,Sim,Não,Sim,Não,,,,,,
,bpubdl09_segment129_neutral.wav,Sim,Não,Não,Não,Não,Não,,,,,,
,bpubdl09_segment131_neutral.wav,Sim,Sim,Não,Não,Não,Não,,,,,,
,bpubdl09_segment137_neutral.wav,Sim,Sim,Não,Não,Não,Não,,,,,,
,bpubdl09_segment145_neutral.wav,Sim,Não,Não,Não,Não,Não,,,,,,
,bpubdl09_segment147_non-neutral-male.wav,Sim,Não,Não,Não,Não,Não,,,,,,
,bpubdl09_segment155_neutral.wav,Sim,Não,Não,Não,Não,Não,,,,,,
,bpubdl09_segment157_neutral.wav,Sim,Sim,Não,Não,Não,Não,,,,,,
,bpubdl09_segment167_neutral.wav,Sim,Sim,Não,Não,Não,Não,,,,,,
,bpubdl09_segment173_neutral.wav,Sim,Não,Não,Não,Não,Não,,,,,,
,bpubdl09_segment185_neutral.wav,Sim,Sim,Não,Não,Não,Não,,,,,,
,bpubdl10_segment100_non-neutral-female.wav,Sim,Sim,Não,Não,Não,Não,,,,,,
,bpubdl10_segment101_non-neutral-female.wav,Sim,Sim,Não,Não,Não,Não,,,,,,
,bpubdl10_segment104_neutral.wav,Sim,Sim,Não,Não,Não,Não,,,,,,
,bpubdl10_segment115_neutral.wav,Sim,Não,Não,Não,Não,Não,,,,,,
,bpubdl10_segment119_neutral.wav,Sim,Sim,Não,Não,Não,Não,,,,,,
,bpubdl10_segment123_neutral.wav,Sim,Não,Não,Não,Não,Não,,,,,,
,bpubdl10_segment126_neutral.wav,Sim,Não,Não,Não,Não,Não,,,,,,
,bpubdl10_segment127_non-neutral-female.wav,Sim,Não,Não,Não,Não,Não,,,,,,
,bpubdl10_segment129_neutral.wav,Sim,Não,Não,Não,Não,Não,,,,,,
,bpubdl10_segment130_neutral.wav,Sim,Não,Não,Não,Não,Não,,,,,,
,bpubdl10_segment168_neutral.wav,Sim,Não,Não,Não,Não,Não,,,,,,
,bpubdl10_segment169_non-neutral-female.wav,Sim,Não,Não,Não,Não,Não,,,,,,
,bpubdl10_segment171_neutral.wav,Sim,Sim,Não,Não,Não,Não,,,,,,
,bpubdl10_segment188_neutral.wav,Sim,Não,Não,Não,Não,Não,,,,,,
,bpubdl10_segment202_neutral.wav,Sim,Não,Não,Não,Não,Não,,,,,,
,bpubdl10_segment203_non-neutral-female.wav,Sim,Não,Não,Não,Não,Não,,,,,,
,bpubdl10_segment206_non-neutral-female.wav,Sim,Sim,Não,Não,Não,Não,,,,,,
,bpubdl10_segment234_neutral.wav,Sim,Não,Não,Não,Não,Não,,,,,,
,bpubdl10_segment235_neutral.wav,Sim,Não,Não,Não,Não,Não,,,,,,
,bpubdl10_segment238_non-neutral-female.wav,Sim,Não,Não,Não,Não,Não,,,,,,
,bpubdl10_segment241_neutral.wav,Sim,Não,Não,Não,Não,Não,,,,,,
,bpubdl10_segment79_neutral.wav,Sim,Não,Não,Não,Não,Não,,,,,,
,bpubdl10_segment80_non-neutral-female.wav,Sim,Não,Não,Não,Não,Não,,,,,,
,bpubdl10_segment85_neutral.wav,Sim,Não,Não,Não,Não,Não,,,,,,
,bpubdl10_segment87_neutral.wav,Sim,Não,Não,Não,Não,Não,,,,,,
Bruno,bpubdl10_segment88_non-neutral-female.wav,Sim,Não,Não,Não,Não,Não,,,,,,
,bpubdl10_segment89_non-neutral-female.wav,Sim,Sim,Não,Não,Não,Não,,,,,,
,bpubdl10_segment98_neutral.wav,Sim,Não,Não,Não,Não,Não,,,,,,
,bpubdl10_segment99_neutral.wav,Sim,Não,Não,Não,Não,Não,,,,,,
,bpubdl11_segment164_neutral.wav,Sim,Não,Não,Não,Não,Não,,,,,,
,bpubdl11_segment185_neutral.wav,Sim,Não,Não,Não,Não,Não,,,,,,
,bpubdl11_segment187_neutral.wav,Sim,Não,Não,Não,Não,Não,,,,,,
,bpubdl11_segment188_neutral.wav,Sim,Não,Não,Não,Não,Não,,,,,,
,bpubdl11_segment208_neutral.wav,Não,Não,Não,Não,Não,Não,,,,,,
,bpubdl11_segment209_neutral.wav,Sim,Sim,Sim,Não,Sim,Não,,,,,,
,bpubdl11_segment320_neutral.wav,Sim,Sim,Sim,Não,Sim,Não,,,,,,
,bpubdl11_segment322_neutral.wav,Sim,Sim,Sim,Não,Sim,Não,,,,,,
,bpubdl11_segment331_neutral.wav,Sim,Sim,Sim,Não,Sim,Não,"No começo do áudio, ocorre um ruído que parece ser uma risada em sobreposição à voz da outra falante.",,,,,
,bpubdl11_segment334_neutral.wav,Sim,Não,Não,Não,Não,Não,,,,,,
,bpubdl11_segment364_neutral.wav,Sim,Não,Não,Não,Não,Não,,,,,,
,bpubdl11_segment367_neutral.wav,Sim,Não,Não,Não,Não,Não,,,,,,
,bpubdl11_segment368_neutral.wav,Sim,Não,Não,Não,Não,Não,,,,,,
,bpubdl11_segment369_non-neutral-female.wav,Sim,Não,Não,Não,Não,Não,,,,,,
,bpubdl11_segment375_non-neutral-female.wav,Sim,Sim,Sim,Não,Sim,Não,,,,,,
,bpubdl11_segment378_neutral.wav,Sim,Não,Não,Não,Não,Não,,,,,,
,bpubdl11_segment380_neutral.wav,Sim,Sim,Não,Não,Não,Não,,,,,,
,bpubmn01_segment79_neutral.wav,Sim,Não,Não,Não,Não,Não,,,,,,
,bpubmn01_segment81_non-neutral-female.wav,Sim,Não,Não,Não,Não,Não,,,,,,
,bpubmn01_segment82_neutral.wav,Sim,Não,Não,Não,Não,Não,,,,,,
,bpubmn01_segment87_neutral.wav,Sim,Não,Não,Não,Não,Não,,,,,,
,bpubmn04_segment141_neutral.wav,Não,Não,Não,Não,Não,Não,,,,,,
,bpubmn04_segment145_neutral.wav,Sim,Não,Não,Não,Não,Não,,,,,,
,bpubmn04_segment154_neutral.wav,Sim,Não,Não,Não,Não,Não,,,,,,
,bpubmn08_segment105_neutral.wav,Sim,Não,Não,Não,Não,Não,,,,,,
,bpubmn08_segment109_neutral.wav,Sim,Não,Não,Não,Não,Não,,,,,,
,bpubmn10_segment83_neutral.wav,Sim,Não,Não,Não,Não,Não,,,,,,
,bpubmn12_segment100_neutral.wav,Sim,Não,Não,Não,Não,Não,,,,,,
,bpubmn12_segment101_neutral.wav,Não,Não,Não,Não,Não,Não,,,,,,
,bpubmn12_segment104_neutral.wav,Não,Não,Não,Não,Não,Não,,,,,,
,bpubmn14_segment188_neutral.wav,Não,Não,Não,Não,Não,Não,,,,,,
,bpubmn14_segment189_neutral.wav,Não,Não,Não,Não,Não,Não,,,,,,
,bpubmn14_segment200_neutral.wav,Não,Não,Não,Não,Não,Não,,,,,,
,bpubmn14_segment79_neutral.wav,Não,Não,Não,Não,Não,Não,,,,,,
,bpubmn14_segment83_neutral.wav,Sim,Não,Não,Não,Não,Não,,,,,,
,bpubmn14_segment87_neutral.wav,Não,Não,Não,Sim,Não,Não,Fiquei em dúvida nesse áudio. Não consegui identificar com segurança se a voz que aparecia era secundária ou primária.,,,,,
,bpubmn14_segment89_neutral.wav,Não,Não,Não,Não,Não,Não,,,,,,
,bpubmn14_segment92_neutral.wav,Sim,Não,Não,Não,Não,Não,,,,,,
,bpubmn14_segment95_neutral.wav,Sim,Não,Não,Não,Não,Não,,,,,,
,bpubmn14_segment98_neutral.wav,Sim,Não,Não,Não,Não,Não,,,,,,
,bpubcv09_segment499_non-neutral-female.wav,Sim,Não,Não,Não,Não,Não,,,,,,
,bpubcv09_segment485_neutral.wav,Sim,Sim,Não,Não,Não,Não,,,,,,
,bpubcv09_segment437_neutral.wav,Sim,Não,Não,Não,Não,Não,,,,,,
,bpubcv09_segment427_non-neutral-female.wav,Sim,Sim,Não,Não,Não,Não,,,,,,
,bpubcv09_segment406_non-neutral-female.wav,Sim,Sim,Não,Não,Não,Não,,,,,,
,bpubcv09_segment400_neutral.wav,Sim,Sim,Não,Não,Não,Não,,,,,,
,bpubcv09_segment397_non-neutral-female.wav,Sim,Sim,Não,Não,Não,Não,,,,,,
,bpubcv09_segment395_non-neutral-female.wav,Sim,Sim,Não,Não,Não,Não,,,,,,
,bpubcv09_segment379_neutral.wav,Sim,Não,Não,Não,Não,Não,,,,,,
,bpubcv09_segment363_neutral.wav,Sim,Não,Não,Não,Não,Não,,,,,,
,bpubcv09_segment282_neutral.wav,Sim,Sim,Não,Não,Não,Não,,,,,,
,bpubcv09_segment241_neutral.wav,Sim,Sim,Não,Não,Não,Não,,,,,,
,bpubcv09_segment231_non-neutral-female.wav,Sim,Não,Sim,Sim,Não,Sim,,,,,,
,bpubcv09_segment225_non-neutral-female.wav,Sim,Sim,Não,Não,Não,Não,,,,,,
,bpubcv09_segment218_neutral.wav,Sim,Não,Não,Não,Não,Não,,,,,,
,bpubcv09_segment195_neutral.wav,Sim,Não,Não,Não,Não,Não,,,,,,
,bpubcv08_segment152_neutral.wav,Não,Sim,Sim,Não,Sim,Não,,,,,,
,bpubcv07_segment402_neutral.wav,Sim,Sim,Sim,Não,Sim,Não,,,,,,
,bpubcv07_segment401_neutral.wav,Sim,Sim,Sim,Não,Sim,Não,,,,,,
,bpubcv07_segment397_non-neutral-male.wav,Sim,Sim,Não,Não,Não,Não,,,,,,
,bpubcv07_segment289_neutral.wav,Sim,Sim,Sim,Não,Sim,Não,,,,,,
,bpubcv07_segment274_neutral.wav,Sim,Não,Não,Não,Não,Não,,,,,,
,bpubcv07_segment208_neutral.wav,Sim,Não,Não,Não,Não,Não,,,,,,
,bpubcv07_segment194_non-neutral-male.wav,Sim,Sim,Sim,Não,Sim,Não,,,,,,
,bpubcv07_segment193_neutral.wav,Sim,Sim,Sim,Não,Sim,Não,,,,,,
,bpubcv07_segment189_neutral.wav,Sim,Sim,Não,Não,Não,Não,,,,,,
,bpubcv06_segment232_neutral.wav,Sim,Sim,Sim,Não,Sim,Não,,,,,,
,bpubcv06_segment224_neutral.wav,Sim,Não,Não,Não,Não,Não,,,,,,
,bpubcv06_segment223_neutral.wav,Sim,Não,Não,Não,Não,Não,,,,,,
,bpubcv06_segment160_neutral.wav,Sim,Não,Não,Não,Não,Não,,,,,,
,bpubcv06_segment156_neutral.wav,Sim,Sim,Sim,Não,Sim,Não,,,,,,
,bpubcv06_segment154_non-neutral-female.wav,Sim,Sim,Não,Não,Não,Não,,,,,,
,bpubcv06_segment152_non-neutral-female.wav,Sim,Sim,Sim,Não,Sim,Não,,,,,,
,bpubcv06_segment147_neutral.wav,Sim,Sim,Não,Não,Não,Não,,,,,,
,bpubcv06_segment142_neutral.wav,Sim,Sim,Não,Não,Não,Não,,,,,,
,bpubcv06_segment140_neutral.wav,Sim,Sim,Não,Não,Não,Não,,,,,,
,bpubcv05_segment249_neutral.wav,Sim,Sim,Sim,Não,Sim,Não,,,,,,
,bpubcv05_segment247_neutral.wav,Não,Não,Não,Não,Não,Não,,,,,,
,bpubcv05_segment245_non-neutral-male.wav,Sim,Sim,Não,Não,Não,Não,,,,,,
,bpubcv05_segment241_neutral.wav,Sim,Sim,Não,Não,Não,Não,,,,,,
,bpubcv05_segment125_neutral.wav,Sim,Sim,Não,Não,Não,Não,,,,,,
,bpubcv05_segment124_neutral.wav,Não,Não,Não,Não,Não,Não,Não consegui identificar muito bem o gênero da voz.,,,,,
,bpubcv05_segment120_neutral.wav,Sim,Não,Não,Não,Não,Não,,,,,,
,bpubcv05_segment119_neutral.wav,Sim,Não,Não,Não,Não,Não,,,,,,
,bpubcv04_segment216_neutral.wav,Sim,Sim,Sim,Não,Sim,Não,,,,,,
Caroline,bpubcv04_segment214_neutral.wav,Sim,Não,Não,Não,Não,Não,"""bip"" sonoro de censura",,,,,
,bpubcv04_segment203_neutral.wav,Sim,Sim,Não,Não,Não,Não,,,,,,
,bpubcv04_segment200_neutral.wav,Sim,Sim,Sim,Não,Sim,Não,,,,,,
,bpubcv04_segment188_neutral.wav,Sim,Não,Não,Não,Não,Não,,,,,,
,bpubcv04_segment179_neutral.wav,Sim,Sim,Sim,Não,Sim,Não,,,,,,
,bpubcv04_segment177_neutral.wav,Sim,Não,Não,Não,Não,Não,,,,,,
,bpubcv04_segment169_neutral.wav,Sim,Não,Não,Não,Não,Não,,,,,,
,bpubcv04_segment168_neutral.wav,Sim,Não,Não,Não,Não,Não,,,,,,
,bpubcv04_segment166_non-neutral-female.wav,Sim,Sim,Não,Não,Não,Não,,,,,,
,bpubcv04_segment162_neutral.wav,Sim,Sim,Sim,Não,Sim,Não,,,,,,
,bpubcv04_segment159_neutral.wav,Sim,Sim,Sim,Não,Sim,Não,,,,,,
,bpubcv03_segment202_neutral.wav,Não,Sim,Não,Não,Não,Não,,,,,,
,bpubcv03_segment200_neutral.wav,Sim,Não,Não,Não,Não,Não,,,,,,
,bpubcv03_segment194_non-neutral-female.wav,Não,Sim,Não,Não,Não,Não,,,,,,
,bpubcv03_segment192_neutral.wav,Sim,Não,Não,Não,Não,Não,,,,,,
,bpubcv03_segment191_neutral.wav,Não,Sim,Não,Não,Não,Não,,,,,,
,bpubcv03_segment187_neutral.wav,Não,Sim,Não,Não,Não,Não,,,,,,
,bpubcv03_segment178_neutral.wav,Não,Sim,Não,Não,Não,Não,,,,,,
,bpubcv03_segment176_neutral.wav,Sim,Sim,Não,Não,Não,Não,,,,,,
,bpubcv03_segment120_non-neutral-female.wav,Sim,Sim,Não,Não,Não,Não,,,,,,
,bpubcv03_segment118_neutral.wav,Sim,Sim,Não,Não,Não,Não,,,,,,
,bpubcv03_segment116_neutral.wav,Sim,Sim,Não,Não,Não,Não,,,,,,
,bpubcv02_segment99_neutral.wav,Sim,Não,Não,Não,Não,Não,,,,,,
,bpubcv02_segment174_neutral.wav,Sim,Não,Não,Não,Não,Não,,,,,,
,bpubcv02_segment171_neutral.wav,Sim,Sim,Não,Não,Não,Não,,,,,,
,bpubcv02_segment120_neutral.wav,Sim,Sim,Não,Não,Não,Não,,,,,,
,bpubcv02_segment103_neutral.wav,Sim,Sim,Sim,Não,Sim,Não,,,,,,
,bpubcv01_segment303_neutral.wav,Sim,Não,Não,Não,Não,Não,,,,,,
,bpubcv01_segment294_non-neutral-male.wav,Sim,Sim,Sim,Não,Sim,Não,,,,,,
,bpubcv01_segment291_neutral.wav,Sim,Não,Não,Não,Não,Não,,,,,,
,bpubcv01_segment230_neutral.wav,Sim,Não,Não,Não,Não,Não,,,,,,
,bpubcv01_segment224_neutral.wav,Sim,Sim,Sim,Não,Sim,Não,,,,,,
,bpubcv01_segment209_neutral.wav,Sim,Sim,Não,Não,Não,Não,,,,,,
,bpubcv01_segment208_non-neutral-female.wav,Sim,Sim,Sim,Não,Sim,Não,,,,,,
,bpubcv01_segment206_neutral.wav,Sim,Sim,Sim,Não,Sim,Não,,,,,,
,bpubcv01_segment203_neutral.wav,Sim,Não,Não,Não,Não,Não,,,,,,
,bpubcv01_segment201_neutral.wav,Sim,Não,Não,Não,Não,Não,,,,,,
,bpubcv01_segment199_non-neutral-male.wav,Sim,Sim,Sim,Não,Sim,Não,,,,,,
,bpubcv01_segment188_neutral.wav,Sim,Não,Não,Não,Não,Não,,,,,,
,bpubcv01_segment187_neutral.wav,Sim,Sim,Sim,Não,Sim,Não,,,,,,
,bpubcv01_segment184_non-neutral-female.wav,Sim,Sim,Sim,Não,Sim,Não,,,,,,
,bpubcv01_segment176_neutral.wav,Sim,Sim,Sim,Não,Sim,Não,,,,,,
,bpubcv01_segment172_neutral.wav,Sim,Sim,Não,Não,Não,Não,,,,,,
,bpubcv01_segment159_neutral.wav,Sim,Não,Não,Não,Não,Não,,,,,,
,bpubcv01_segment154_neutral.wav,Sim,Sim,Sim,Não,Sim,Não,,,,,,
,bpubcv01_segment146_neutral.wav,Sim,Não,Não,Não,Não,Não,,,,,,
,bpubcv01_segment137_neutral.wav,Sim,Não,Não,Não,Não,Não,,,,,,
,bpubcv01_segment136_non-neutral-female.wav,Sim,Sim,Sim,Não,Sim,Não,,,,,,
,bpubcv01_segment121_neutral.wav,Sim,Não,Não,Não,Não,Não,"classificado como neutral, mas tem risada",,,,,
,bfammn36_segment108_neutral.wav,Não,Não,Não,Não,Não,Não,,,,,,
,bfammn36_segment104_neutral.wav,Sim,Não,Não,Não,Não,Não,,,,,,
,bfammn35_segment150_neutral.wav,Sim,Não,Não,Não,Não,Não,"classificado como neutral, mas tem risada",,,,,
,bfammn35_segment148_neutral.wav,Sim,Não,Não,Não,Não,Não,,,,,,
,bfammn35_segment147_neutral.wav,Sim,Não,Não,Não,Não,Não,,,,,,
,bfammn35_segment145_neutral.wav,Sim,Não,Não,Não,Não,Não,,,,,,
,bfammn35_segment142_non-neutral-female.wav,Sim,Não,Não,Não,Não,Não,,,,,,
,bfammn35_segment136_neutral.wav,Sim,Não,Não,Não,Não,Não,,,,,,
,bfammn33_segment287_neutral.wav,Sim,Não,Não,Não,Não,Não,,,,,,
,bfammn33_segment277_neutral.wav,Sim,Sim,Sim,Não,Sim,Não,,,,,,
,bfammn33_segment276_neutral.wav,Sim,Não,Não,Não,Não,Não,,,,,,
,bfammn32_segment140_neutral.wav,Sim,Não,Não,Não,Não,Não,,,,,,
,bfammn32_segment139_neutral.wav,Sim,Não,Não,Não,Não,Não,,,,,,
,bfammn32_segment136_non-neutral-female.wav,Não,Não,Não,Não,Não,Não,,,,,,
,bfammn32_segment131_neutral.wav,Sim,Não,Não,Não,Não,Não,,,,,,
,bfammn28_segment97_non-neutral-female.wav,Sim,Não,Não,Não,Não,Não,,,,,,
,bfammn28_segment103_neutral.wav,Não,Não,Não,Não,Não,Não,,,,,,
,bfammn28_segment102_neutral.wav,Sim,Não,Não,Não,Não,Não,,,,,,
,bfammn28_segment100_neutral.wav,Sim,Não,Não,Não,Não,Não,,,,,,
,bfammn27_segment279_neutral.wav,Sim,Não,Não,Não,Não,Não,,,,,,
,bfammn27_segment277_neutral.wav,Sim,Não,Não,Não,Não,Não,,,,,,
,bfammn27_segment276_non-neutral-male.wav,Sim,Não,Não,Não,Não,Não,,,,,,
,bfammn27_segment275_neutral.wav,Não,Não,Não,Não,Não,Não,,,,,,
,bfammn27_segment274_neutral.wav,Sim,Não,Não,Não,Não,Não,,,,,,
,bfammn26_segment94_neutral.wav,Sim,Não,Não,Não,Não,Não,,,,,,
,bfammn26_segment93_neutral.wav,Sim,Não,Não,Não,Não,Não,,,,,,
,bfammn26_segment88_non-neutral-female.wav,Sim,Sim,Não,Não,Não,Não,,,,,,
,bfammn26_segment145_non-neutral-female.wav,Sim,Não,Não,Não,Não,Não,,,,,,
,bfammn26_segment141_neutral.wav,Sim,Não,Não,Não,Não,Não,,,,,,
,bfammn22_segment210_neutral.wav,Sim,Não,Não,Não,Não,Não,,,,,,
,bfammn22_segment208_neutral.wav,Sim,Não,Não,Não,Não,Não,,,,,,
,bfammn22_segment203_neutral.wav,Sim,Não,Não,Não,Não,Não,,,,,,
,bfammn22_segment202_neutral.wav,Sim,Não,Não,Não,Não,Não,,,,,,
,bfammn22_segment193_non-neutral-female.wav,Não,Sim,Não,Não,Não,Não,,,,,,
,bfammn22_segment190_neutral.wav,Sim,Sim,Não,Não,Não,Não,,,,,,
,bfammn22_segment184_neutral.wav,Sim,Não,Não,Não,Não,Não,,,,,,
,bfammn22_segment180_neutral.wav,Não,Não,Não,Não,Não,Não,,,,,,
,bfammn22_segment177_non-neutral-female.wav,Não,Sim,Não,Não,Não,Não,,,,,,
,bfammn22_segment172_neutral.wav,Não,Não,Não,Não,Não,Não,,,,,,
,bfammn22_segment170_neutral.wav,Sim,Não,Não,Não,Não,Não,,,,,,
Maria Luiza,bfammn22_segment162_neutral.wav,Não,Não,Não,Não,Não,Não,,,,,,
,bfammn22_segment161_non-neutral-female.wav,Sim,Sim,Não,Não,Não,Não,,,,,,
,bfammn22_segment159_neutral.wav,Sim,Não,Não,Não,Não,Não,,,,,,
,bfammn22_segment158_neutral.wav,Sim,Não,Não,Não,Não,Não,,,,,,
,bfammn21_segment93_non-neutral-male.wav,Sim,Não,Não,Não,Não,Não,,,,,,
,bfammn21_segment85_neutral.wav,Sim,Não,Não,Não,Não,Não,,,,,,
,bfammn21_segment85_neutral.wav,Sim,Não,Não,Não,Não,Não,,,,,,
,bfammn21_segment81_neutral.wav,Sim,Não,Não,Não,Não,Não,,,,,,
,bfammn21_segment79_neutral.wav,Sim,Não,Não,Não,Não,Não,,,,,,
,bfammn18_segment111_neutral.wav,Sim,Não,Não,Não,Não,Não,,,,,,
,bfammn18_segment107_non-neutral-female.wav,Sim,Não,Não,Não,Não,Não,,,,,,
,bfammn17_segment156_neutral.wav,Sim,Não,Não,Não,Não,Não,,,,,,
,bfammn17_segment155_neutral.wav,Sim,Não,Não,Não,Não,Não,,,,,,
,bfammn17_segment154_non-neutral-female.wav,Não,Não,Não,Não,Não,Não,,,,,,
,bfammn17_segment142_neutral.wav,Sim,Não,Não,Não,Não,Não,,,,,,
,bfammn17_segment140_neutral.wav,Não,Não,Não,Não,Não,Não,,,,,,
,bfammn17_segment139_neutral.wav,Não,Não,Não,Não,Não,Não,Truncamento no final do áudio.,,,,,
,bfammn17_segment138_non-neutral-female.wav,Sim,Não,Não,Não,Não,Não,,,,,,
,bfammn17_segment137_neutral.wav,Sim,Não,Não,Não,Não,Não,,,,,,
,bfammn17_segment136_neutral.wav,Sim,Não,Não,Não,Não,Não,,,,,,
,bfammn17_segment109_neutral.wav,Sim,Não,Não,Não,Não,Não,,,,,,
,bfammn17_segment108_neutral.wav,Sim,Não,Não,Não,Não,Não,Truncamento no final do áudio.,,,,,
,bfammn17_segment107_non-neutral-female.wav,Não,Não,Não,Não,Não,Não,,,,,,
,bfammn17_segment105_neutral.wav,Sim,Não,Não,Não,Não,Não,,,,,,
,bfammn16_segment99_neutral.wav,Sim,Não,Não,Não,Não,Não,,,,,,
,bfammn16_segment95_neutral.wav,Sim,Não,Não,Não,Não,Não,,,,,,
,bfammn16_segment274_neutral.wav,Não,Não,Não,Não,Não,Não,,,,,,
,bfammn16_segment268_neutral.wav,Não,Sim,Sim,Não,Sim,Não,,,,,,
,bfammn16_segment264_neutral.wav,Sim,Não,Não,Não,Não,Não,,,,,,
,bfammn16_segment257_non-neutral-female.wav,Sim,Não,Não,Não,Não,Não,,,,,,
,bfammn16_segment240_neutral.wav,Não,Não,Não,Não,Não,Não,,,,,,
,bfammn16_segment232_neutral.wav,Sim,Não,Não,Não,Não,Não,,,,,,
,bfammn16_segment110_neutral.wav,Não,Não,Não,Não,Não,Não,,,,,,
,bfammn16_segment107_non-neutral-male.wav,Sim,Não,Não,Não,Não,Não,,,,,,
,bfammn14_segment650_non-neutral-female.wav,Sim,Não,Não,Não,Não,Não,,,,,,
,bfammn14_segment648_neutral.wav,Sim,Não,Não,Não,Não,Não,,,,,,
,bfammn14_segment193_neutral.wav,Sim,Não,Não,Não,Não,Não,,,,,,
,bfammn14_segment188_neutral.wav,Sim,Sim,Sim,Não,Sim,Não,,,,,,
,bfammn14_segment183_non-neutral-female.wav,Sim,Não,Não,Não,Não,Não,"* não sei se a risada é resp. ao diálogo, se sim, há sobreposição.",,,,,
,bfammn12_segment205_neutral.wav,Sim,Não,Não,Não,Não,Não,Truncamento no final do áudio.,,,,,
,bfammn12_segment196_neutral.wav,Sim,Não,Não,Não,Não,Não,* considerei pelo vol. a voz da moça ruído,,,,,
,bfammn10_segment281_neutral.wav,Sim,Não,Não,Não,Não,Não,,,,,,
,bfammn10_segment275_neutral.wav,Sim,Não,Não,Não,Não,Não,Truncamento no final do áudio.,,,,,
,bfammn10_segment273_neutral.wav,Sim,Não,Não,Não,Não,Não,,,,,,
,bfammn10_segment272_neutral.wav,Sim,Não,Não,Não,Não,Não,,,,,,
,bfammn10_segment230_neutral.wav,Sim,Não,Não,Não,Não,Não,,,,,,
,bfammn10_segment219_neutral.wav,Sim,Não,Não,Não,Não,Não,,,,,,
,bfammn10_segment214_neutral.wav,Sim,Não,Não,Não,Não,Não,Truncamento no final do áudio.,,,,,
,bfammn10_segment213_neutral.wav,Sim,Não,Não,Não,Não,Não,,,,,,
,bfammn10_segment211_non-neutral-male.wav,Sim,Não,Não,Não,Não,Não,,,,,,
,bfammn10_segment196_non-neutral-male.wav,Sim,Não,Não,Não,Não,Não,,,,,,
,bfammn10_segment189_neutral.wav,Sim,Não,Não,Não,Não,Não,,,,,,
,bfammn10_segment187_neutral.wav,Sim,Não,Não,Não,Não,Não,,,,,,
,bfammn10_segment155_neutral.wav,Sim,Não,Não,Não,Não,Não,,,,,,
,bfammn10_segment149_neutral.wav,Sim,Não,Não,Não,Não,Não,,,,,,
,bfammn10_segment137_neutral.wav,Sim,Não,Não,Não,Não,Não,,,,,,
,bfammn08_segment233_neutral.wav,Sim,Não,Não,Não,Não,Não,,,,,,
,bfammn08_segment231_non-neutral-female.wav,Sim,Não,Não,Sim,Não,Não,,,,,,
,bfammn08_segment230_neutral.wav,Sim,Não,Não,Não,Não,Não,,,,,,
,bfammn08_segment227_neutral.wav,Sim,Não,Não,Não,Não,Não,,,,,,
,bfammn03_segment98_neutral.wav,Sim,Não,Não,Não,Não,Não,,,,,,
,bfammn03_segment92_non-neutral-male.wav,Sim,Não,Não,Não,Não,Não,,,,,,
,bfammn03_segment91_neutral.wav,Sim,Não,Não,Não,Não,Não,,,,,,
,bfammn03_segment90_neutral.wav,Sim,Não,Não,Não,Não,Não,,,,,,
,bfammn03_segment215_neutral.wav,Sim,Não,Não,Não,Não,Não,,,,,,
,bfammn03_segment211_non-neutral-male.wav,Sim,Não,Não,Não,Não,Não,,,,,,
,bfammn03_segment153_neutral.wav,Sim,Não,Não,Não,Não,Não,,,,,,
,bfammn03_segment151_neutral.wav,Sim,Não,Não,Não,Não,Não,,,,,,
,bfammn03_segment150_neutral.wav,Sim,Não,Não,Não,Não,Não,,,,,,
,bfammn03_segment144_non-neutral-male.wav,Sim,Não,Não,Não,Não,Não,,,,,,
,bfammn03_segment143_neutral.wav,Sim,Não,Não,Não,Não,Não,,,,,,
,bfammn03_segment142_neutral.wav,Sim,Não,Não,Não,Não,Não,,,,,,
,bfammn03_segment135_non-neutral-male.wav,Sim,Não,Não,Não,Não,Não,,,,,,
,bfammn03_segment132_neutral.wav,Não,Não,Não,Não,Não,Não,,,,,,
,bfammn03_segment131_neutral.wav,Não,Não,Não,Não,Não,Não,Truncamento no final do áudio.,,,,,
,bfammn02_segment99_neutral.wav,Sim,Não,Não,Não,Não,Não,,,,,,
,bfammn02_segment90_non-neutral-female.wav,Sim,Não,Não,Não,Não,Não,,,,,,
,bfammn02_segment88_neutral.wav,Sim,Não,Não,Não,Não,Não,,,,,,
,bfammn02_segment82_neutral.wav,Sim,Não,Não,Não,Não,Não,,,,,,
,bfammn02_segment122_neutral.wav,Sim,Não,Não,Não,Não,Não,,,,,,
,bfammn02_segment109_non-neutral-female.wav,Sim,Sim,Sim,Não,Sim,Não,,,,,,
,bfammn02_segment105_neutral.wav,Sim,Não,Não,Não,Não,Não,,,,,,
,bfamdl34_segment374_non-neutral-female.wav,Sim,Não,Não,Não,Não,Não,,,,,,
,bfamdl34_segment112_neutral.wav,Sim,Não,Não,Não,Não,Não,,,,,,
,bfamdl34_segment105_neutral.wav,Sim,Sim,Não,Não,Não,Não,,,,,,
,bfamdl32_segment287_neutral.wav,Sim,Não,Não,Não,Não,Não,,,,,,
,bfamdl32_segment283_neutral.wav,Sim,Não,Não,Não,Não,Não,,,,,,
,bfamdl32_segment268_neutral.wav,Sim,Não,Não,Não,Não,Não,,,,,,
,bfamdl31_segment709_neutral.wav,Sim,Não,Não,Não,Não,Não,,,,,,
Paula,bfamdl31_segment708_neutral.wav,Sim,Não,Não,Não,Não,Não,,,,,,
,bfamdl31_segment707_non-neutral-male.wav,Sim,Não,Não,Não,Não,Não,,,,,,
,bfamdl31_segment702_neutral.wav,Sim,Não,Não,Não,Não,Não,,,,,,
,bfamdl31_segment577_neutral.wav,Sim,Não,Não,Não,Não,Não,,,,,,
,bfamdl31_segment571_non-neutral-male.wav,Sim,Não,Não,Não,Não,Não,,,,,,
,bfamdl31_segment568_neutral.wav,Sim,Não,Não,Não,Não,Não,,,,,,
,bfamdl29_segment193_neutral.wav,Não,Não,Não,Não,Não,Não,,,,,,
,bfamdl29_segment188_non-neutral-male.wav,Sim,Sim,Sim,Não,Sim,Não,,,,,,
,bfamdl29_segment186_neutral.wav,Sim,Sim,Sim,Não,Sim,Não,,,,,,
,bfamdl29_segment184_neutral.wav,Sim,Sim,Sim,Não,Sim,Não,,,,,,
,bfamdl29_segment151_neutral.wav,Sim,Não,Não,Não,Não,Não,,,,,,
,bfamdl29_segment132_neutral.wav,Sim,Não,Não,Não,Não,Não,,,,,,
,bfamdl29_segment130_non-neutral-female.wav,Não,Não,Não,Não,Não,Não,,,,,,
,bfamdl29_segment127_neutral.wav,Não,Não,Não,Não,Não,Não,,,,,,
,bfamdl29_segment124_neutral.wav,Sim,Não,Não,Não,Não,Não,Trechos em inglês,,,,,
,bfamdl26_segment94_neutral.wav,Sim,Não,Não,Não,Não,Não,,,,,,
,bfamdl26_segment93_neutral.wav,Sim,Não,Não,Não,Não,Não,,,,,,
,bfamdl26_segment86_neutral.wav,Sim,Sim,Não,Não,Não,Não,,,,,,
,bfamdl26_segment382_neutral.wav,Sim,Sim,Não,Não,Não,Não,,,,,,
,bfamdl26_segment379_neutral.wav,Sim,Não,Não,Não,Não,Não,,,,,,
,bfamdl26_segment377_non-neutral-female.wav,Sim,Sim,Não,Não,Não,Não,,,,,,
,bfamdl26_segment376_non-neutral-female.wav,Sim,Não,Não,Não,Não,Não,,,,,,
,bfamdl26_segment375_non-neutral-female.wav,Sim,Não,Não,Sim,Não,Não,,,,,,
,bfamdl26_segment133_non-neutral-female.wav,Sim,Sim,Não,Não,Não,Não,,,,,,
,bfamdl26_segment131_neutral.wav,Não,Não,Não,Não,Não,Não,,,,,,
,bfamdl26_segment129_neutral.wav,Sim,Não,Não,Não,Não,Não,,,,,,
,bfamdl26_segment125_non-neutral-female.wav,Sim,Não,Não,Não,Não,Não,,,,,,
,bfamdl26_segment124_neutral.wav,Sim,Não,Não,Não,Não,Não,,,,,,
,bfamdl26_segment120_neutral.wav,Sim,Não,Não,Não,Não,Não,,,,,,
,bfamdl24_segment289_neutral.wav,Sim,Sim,Não,Não,Não,Não,,,,,,
,bfamdl24_segment286_neutral.wav,Sim,Sim,Não,Não,Não,Não,,,,,,
,bfamdl24_segment283_non-neutral-male.wav,Sim,Sim,Não,Não,Não,Não,,,,,,
,bfamdl24_segment278_neutral.wav,Não,Não,Não,Não,Não,Não,,,,,,
,bfamdl24_segment156_neutral.wav,Não,Não,Não,Não,Não,Não,,,,,,
,bfamdl24_segment150_non-neutral-male.wav,Sim,Não,Não,Não,Não,Não,,,,,,
,bfamdl21_segment292_non-neutral-male.wav,Não,Não,Não,Não,Não,Não,,,,,,
,bfamdl21_segment284_neutral.wav,Não,Não,Não,Não,Não,Não,,,,,,
,bfamdl21_segment278_neutral.wav,Não,Não,Não,Não,Não,Não,,,,,,
,bfamdl21_segment276_neutral.wav,Não,Sim,Sim,Não,Sim,Não,,,,,,
,bfamdl21_segment274_non-neutral-male.wav,Não,Sim,Sim,Não,Sim,Não,,,,,,
,bfamdl21_segment267_neutral.wav,Não,Não,Não,Não,Não,Não,,,,,,
,bfamdl21_segment221_neutral.wav,Sim,Não,Não,Não,Não,Não,,,,,,
,bfamdl21_segment217_non-neutral-female.wav,Sim,Sim,Sim,Não,Sim,Não,,,,,,
,bfamdl21_segment214_neutral.wav,Sim,Não,Não,Não,Não,Não,,,,,,
,bfamdl21_segment211_neutral.wav,Sim,Não,Não,Não,Não,Não,,,,,,
,bfamdl18_segment328_neutral.wav,Sim,Não,Não,Não,Não,Não,,,,,,
,bfamdl18_segment327_non-neutral-female.wav,Sim,Sim,Sim,Não,Sim,Não,,,,,,
,bfamdl18_segment320_neutral.wav,Sim,Sim,Sim,Não,Sim,Não,,,,,,
,bfamdl17_segment381_neutral.wav,Não,Não,Não,Não,Não,Não,,,,,,
,bfamdl17_segment378_neutral.wav,Sim,Não,Não,Não,Não,Não,,,,,,
,bfamdl17_segment372_non-neutral-male.wav,Não,Sim,Não,Não,Não,Não,,,,,,
,bfamdl17_segment369_neutral.wav,Não,Não,Não,Não,Não,Não,,,,,,
,bfamdl17_segment310_neutral.wav,Sim,Não,Não,Não,Não,Não,,,,,,
,bfamdl17_segment306_neutral.wav,Sim,Não,Não,Não,Não,Não,,,,,,
,bfamdl17_segment300_neutral.wav,Sim,Não,Não,Não,Não,Não,,,,,,
,bfamdl17_segment262_neutral.wav,Não,Não,Não,Não,Não,Não,,,,,,
,bfamdl17_segment258_non-neutral-male.wav,Sim,Sim,Sim,Não,Sim,Não,,,,,,
,bfamdl17_segment257_neutral.wav,Não,Não,Não,Não,Não,Não,,,,,,
,bfamdl17_segment255_neutral.wav,Não,Não,Não,Não,Não,Não,,,,,,
,bfamdl17_segment225_non-neutral-male.wav,Sim,Sim,Sim,Não,Sim,Não,,,,,,
,bfamdl17_segment220_neutral.wav,Não,Não,Não,Não,Não,Não,,,,,,
,bfamdl17_segment214_neutral.wav,Sim,Não,Não,Não,Não,Não,,,,,,
,bfamdl16_segment371_neutral.wav,Sim,Não,Não,Não,Não,Não,,,,,,
,bfamdl16_segment368_neutral.wav,Sim,Não,Não,Não,Não,Não,,,,,,
,bfamdl15_segment187_neutral.wav,Sim,Não,Sim,Sim,Não,Sim,,,,,,
,bfamdl15_segment181_non-neutral-female.wav,Sim,Não,Não,Não,Não,Não,,,,,,
,bfamdl15_segment173_neutral.wav,Sim,Não,Não,Não,Não,Não,,,,,,
,bfamdl15_segment130_neutral.wav,Sim,Não,Não,Não,Não,Não,,,,,,
,bfamdl15_segment127_neutral.wav,Sim,Não,Sim,Sim,Não,Sim,,,,,,
,bfamdl15_segment124_neutral.wav,Sim,Não,Não,Não,Não,Não,,,,,,
,bfamdl13_segment229_neutral.wav,Sim,Não,Não,Não,Não,Não,,,,,,
,bfamdl13_segment226_neutral.wav,Sim,Não,Não,Não,Não,Não,,,,,,
,bfamdl13_segment222_non-neutral-female.wav,Sim,Sim,Não,Não,Não,Não,,,,,,
,bfamdl13_segment220_neutral.wav,Sim,Não,Não,Não,Não,Não,,,,,,
,bfamdl09_segment521_non-neutral-male.wav,Sim,Não,Não,Não,Não,Não,,,,,,
,bfamdl09_segment514_neutral.wav,Sim,Não,Não,Não,Não,Não,,,,,,
,bfamdl09_segment513_neutral.wav,Sim,Não,Não,Não,Não,Não,,,,,,
,bfamdl09_segment429_neutral.wav,Não,Sim,Sim,Não,Sim,Não,,,,,,
,bfamdl09_segment422_neutral.wav,Sim,Não,Não,Não,Não,Não,,,,,,
,bfamdl09_segment421_neutral.wav,Sim,Não,Não,Não,Não,Não,,,,,,
,bfamdl09_segment182_neutral.wav,Sim,Não,Não,Não,Não,Não,,,,,,
,bfamdl08_segment260_neutral.wav,Sim,Sim,Sim,Não,Sim,Não,,,,,,
,bfamdl08_segment248_neutral.wav,Sim,Não,Não,Não,Não,Não,,,,,,
,bfamdl08_segment239_neutral.wav,Sim,Não,Não,Não,Não,Não,,,,,,
,bfamdl05_segment410_neutral.wav,Sim,Não,Não,Não,Não,Não,,,,,,
,bfamdl05_segment396_non-neutral-male.wav,Sim,Não,Não,Não,Não,Não,,,,,,
,bfamdl05_segment384_neutral.wav,Sim,Não,Não,Não,Não,Não,,,,,,
,bfamdl03_segment124_neutral.wav,Sim,Não,Não,Não,Não,Não,,,,,,
,bfamdl03_segment115_non-neutral-female.wav,Sim,Não,Não,Não,Não,Não,,,,,,
Renan,bfamdl03_segment114_neutral.wav,Sim,Não,Não,Não,Não,Não,,,,,,
,bfamdl03_segment113_neutral.wav,Sim,Não,Não,Não,Não,Não,,,,,,
,bfamdl02_segment202_neutral.wav,Não,Não,Não,Não,Não,Não,,,,,,
,bfamdl02_segment190_neutral.wav,Sim,Não,Não,Não,Não,Não,,,,,,
,bfamdl02_segment188_neutral.wav,Não,Não,Não,Não,Não,Não,,,,,,
,bfamcv32_segment251_neutral.wav,Não,Sim,Sim,Não,Sim,Não,,,,,,
,bfamcv32_segment239_non-neutral-female.wav,Sim,Não,Não,Não,Não,Não,,,,,,
,bfamcv32_segment229_neutral.wav,Sim,Sim,Sim,Não,Sim,Não,,,,,,
,bfamcv29_segment98_neutral.wav,Não,Não,Não,Não,Não,Não,,,,,,
,bfamcv29_segment266_neutral.wav,Não,Não,Não,Não,Não,Não,,,,,,
,bfamcv29_segment261_neutral.wav,Sim,Não,Não,Não,Não,Não,,,,,,
,bfamcv29_segment260_non-neutral-female.wav,Não,Não,Não,Sim,Não,Não,Acho que são duas vozes,,,,,
,bfamcv29_segment255_neutral.wav,Não,Sim,Não,Não,Não,Não,,,,,,
,bfamcv29_segment221_neutral.wav,Não,Não,Não,Não,Não,Não,,,,,,
,bfamcv29_segment219_neutral.wav,Não,Sim,Não,Não,Não,Não,,,,,,
,bfamcv29_segment216_non-neutral-female.wav,Não,Sim,Não,Não,Não,Não,,,,,,
,bfamcv29_segment214_neutral.wav,Não,Não,Não,Não,Não,Não,,,,,,
,bfamcv29_segment198_neutral.wav,Não,Não,Não,Não,Não,Não,,,,,,
,bfamcv29_segment164_neutral.wav,Não,Não,Não,Não,Não,Não,,,,,,
,bfamcv28_segment336_neutral.wav,Não,Sim,Não,Não,Não,Não,,,,,,
,bfamcv28_segment331_non-neutral-female.wav,Não,Sim,Não,Não,Não,Não,,,,,,
,bfamcv28_segment328_neutral.wav,Não,Sim,Não,Não,Não,Não,,,,,,
,bfamcv28_segment247_neutral.wav,Não,Sim,Não,Não,Não,Não,,,,,,
,bfamcv28_segment242_non-neutral-female.wav,Não,Não,Não,Sim,Não,Não,,,,,,
,bfamcv28_segment240_neutral.wav,Sim,Não,Não,Não,Não,Não,,,,,,
,bfamcv28_segment238_neutral.wav,Não,Sim,Não,Não,Não,Não,,,,,,
,bfamcv28_segment234_neutral.wav,Não,Não,Não,Não,Não,Não,,,,,,
,bfamcv28_segment229_neutral.wav,Não,Sim,Não,Não,Não,Não,,,,,,
,bfamcv28_segment225_non-neutral-female.wav,Não,Sim,Não,Não,Não,Não,,,,,,
,bfamcv28_segment220_neutral.wav,Sim,Não,Não,Não,Não,Não,,,,,,
,bfamcv27_segment254_neutral.wav,Não,Sim,Não,Não,Não,Não,,,,,,
,bfamcv27_segment251_neutral.wav,Não,Não,Não,Não,Não,Não,,,,,,
,bfamcv27_segment248_non-neutral-female.wav,Não,Sim,Não,Não,Não,Não,Ruído ou sobreposição?,,,,,
,bfamcv27_segment241_neutral.wav,Não,Não,Não,Não,Não,Não,,,,,,
,bfamcv26_segment290_non-neutral-male.wav,Sim,Não,Não,Não,Não,Não,Ruído ou sobreposição?,,,,,
,bfamcv26_segment284_neutral.wav,Sim,Não,Não,Sim,Não,Não,,,,,,
,bfamcv26_segment283_neutral.wav,Não,Não,Não,Sim,Não,Não,,,,,,
,bfamcv26_segment268_neutral.wav,Não,Sim,Não,Não,Não,Não,,,,,,
,bfamcv26_segment264_neutral.wav,Não,Não,Não,Sim,Não,Não,,,,,,
,bfamcv26_segment230_neutral.wav,Não,Não,Não,Não,Não,Não,,,,,,
,bfamcv26_segment206_non-neutral-female.wav,Não,Sim,Sim,Não,Sim,Não,,,,,,
,bfamcv26_segment204_neutral.wav,Não,Não,Não,Não,Não,Não,,,,,,
,bfamcv26_segment203_neutral.wav,Não,Não,Não,Não,Não,Não,,,,,,
,bfamcv24_segment269_neutral.wav,Não,Sim,Não,Não,Não,Não,,,,,,
,bfamcv24_segment258_neutral.wav,Não,Sim,Sim,Não,Sim,Não,,,,,,
,bfamcv24_segment253_neutral.wav,Não,Sim,Não,Não,Não,Não,,,,,,
,bfamcv24_segment249_neutral.wav,Não,Não,Não,Não,Não,Não,,,,,,
,bfamcv24_segment226_neutral.wav,Não,Sim,Não,Não,Não,Não,,,,,,
,bfamcv23_segment97_non-neutral-male.wav,Sim,Sim,Não,Não,Não,Não,,,,,,
,bfamcv23_segment94_neutral.wav,Sim,Sim,Não,Não,Não,Não,,,,,,
,bfamcv23_segment87_neutral.wav,Sim,Sim,Não,Não,Não,Não,,,,,,
,bfamcv23_segment103_neutral.wav,Sim,Sim,Não,Não,Não,Não,,,,,,
,bfamcv22_segment276_neutral.wav,Sim,Não,Sim,Sim,Não,Sim,"Neutral, mas tem uma risada?",,,,,
,bfamcv22_segment273_non-neutral-female.wav,Sim,Não,Não,Não,Não,Não,,,,,,
,bfamcv22_segment272_neutral.wav,Sim,Não,Não,Não,Não,Não,"Neutral, mas tem uma risada?",,,,,
,bfamcv21_segment297_non-neutral-male.wav,Não,Sim,Sim,Não,Sim,Não,,,,,,
,bfamcv21_segment268_neutral.wav,Sim,Não,Não,Não,Não,Não,,,,,,
,bfamcv21_segment208_neutral.wav,Não,Sim,Não,Não,Não,Não,,,,,,
,bfamcv21_segment190_neutral.wav,Sim,Sim,Sim,Não,Sim,Não,,,,,,
,bfamcv21_segment162_neutral.wav,Sim,Não,Não,Não,Não,Não,,,,,,
,bfamcv20_segment122_neutral.wav,Não,Sim,Não,Não,Não,Não,,,,,,
,bfamcv20_segment108_non-neutral-female.wav,Não,Sim,Não,Não,Não,Não,,,,,,
,bfamcv20_segment106_neutral.wav,Sim,Não,Não,Não,Não,Não,,,,,,
,bfamcv20_segment104_neutral.wav,Não,Sim,Não,Não,Não,Não,,,,,,
,bfamcv19_segment307_neutral.wav,Não,Sim,Sim,Não,Sim,Não,,,,,,
,bfamcv19_segment278_neutral.wav,Não,Sim,Sim,Não,Sim,Não,,,,,,
,bfamcv19_segment251_non-neutral-female.wav,Sim,Não,Não,Não,Não,Não,,,,,,
,bfamcv19_segment250_neutral.wav,Não,Sim,Sim,Não,Sim,Não,,,,,,
,bfamcv19_segment209_neutral.wav,Não,Não,Não,Não,Não,Não,,,,,,
,bfamcv19_segment207_non-neutral-female.wav,Sim,Sim,Sim,Não,Sim,Não,,,,,,
,bfamcv19_segment206_neutral.wav,Sim,Não,Não,Não,Não,Não,,,,,,
,bfamcv19_segment143_neutral.wav,Não,Não,Não,Não,Não,Não,,,,,,
,bfamcv19_segment137_neutral.wav,Sim,Não,Não,Não,Não,Não,,,,,,
,bfamcv19_segment136_non-neutral-female.wav,Não,Não,Não,Não,Não,Não,,,,,,
,bfamcv19_segment135_neutral.wav,Não,Não,Não,Não,Não,Não,,,,,,
,bfamcv19_segment131_neutral.wav,Não,Sim,Sim,Não,Sim,Não,,,,,,
,bfamcv18_segment186_neutral.wav,Sim,Não,Não,Não,Não,Não,,,,,,
,bfamcv18_segment182_non-neutral-female.wav,Sim,Sim,Não,Não,Não,Não,,,,,,
,bfamcv18_segment180_neutral.wav,Sim,Não,Não,Não,Não,Não,,,,,,
,bfamcv18_segment176_neutral.wav,Sim,Não,Não,Não,Não,Não,,,,,,
,bfamcv18_segment168_neutral.wav,Sim,Não,Não,Não,Não,Não,,,,,,
,bfamcv18_segment166_neutral.wav,Sim,Sim,Não,Não,Não,Não,,,,,,
,bfamcv18_segment152_neutral.wav,Sim,Não,Não,Não,Não,Não,,,,,,
,bfamcv17_segment176_non-neutral-female.wav,Sim,Não,Não,Não,Não,Não,,,,,,
,bfamcv17_segment171_neutral.wav,Não,Não,Não,Não,Não,Não,,,,,,
,bfamcv17_segment170_neutral.wav,Sim,Não,Não,Não,Não,Não,,,,,,
,bfamcv16_segment287_neutral.wav,Sim,Não,Não,Não,Não,Não,,,,,,
,bfamcv16_segment285_neutral.wav,Não,Sim,Sim,Não,Sim,Não,,,,,,
,bfamcv16_segment279_non-neutral-male.wav,Não,Sim,Sim,Não,Sim,Não,,,,,,
Vinícius,bfamcv16_segment273_neutral.wav,Não,Não,Não,Não,Não,Não,,,,,,
,bfamcv16_segment270_neutral.wav,Não,Não,Não,Não,Não,Não,,,,,,
,bfamcv15_segment387_neutral.wav,Sim,Sim,Não,Não,Não,Não,,,,,,
,bfamcv15_segment233_neutral.wav,Não,Sim,Não,Não,Não,Não,,,,,,
,bfamcv15_segment226_non-neutral-female.wav,Não,Sim,Não,Não,Não,Não,,,,,,
,bfamcv15_segment204_neutral.wav,Sim,Não,Não,Não,Não,Não,,,,,,
,bfamcv12_segment318_neutral.wav,Não,Não,Não,Não,Não,Não,,,,,,
,bfamcv12_segment317_non-neutral-male.wav,Não,Não,Não,Não,Não,Não,,,,,,
,bfamcv12_segment314_neutral.wav,Não,Não,Não,Não,Não,Não,,,,,,
,bfamcv12_segment100_neutral.wav,Não,Não,Não,Não,Não,Não,,,,,,
,bfamcv11_segment357_neutral.wav,Sim,Não,Não,Não,Não,Não,,,,,,
,bfamcv11_segment356_neutral.wav,Sim,Não,Não,Não,Não,Não,,,,,,
,bfamcv11_segment339_neutral.wav,Sim,Não,Não,Não,Não,Não,,,,,,
,bfamcv09_segment399_neutral.wav,Sim,Não,Não,Não,Não,Não,,,,,,
,bfamcv09_segment395_non-neutral-female.wav,Sim,Não,Não,Não,Não,Não,,,,,,
,bfamcv09_segment394_neutral.wav,Sim,Não,Não,Não,Não,Não,,,,,,
,bfamcv09_segment388_neutral.wav,Sim,Não,Não,Não,Não,Não,,,,,,
,bfamcv09_segment135_neutral.wav,Sim,Não,Não,Não,Não,Não,,,,,,
,bfamcv09_segment114_neutral.wav,Sim,Sim,Não,Não,Não,Não,,,,,,
,bfamcv09_segment113_neutral.wav,Sim,Sim,Não,Não,Não,Não,,,,,,
,bfamcv08_segment299_neutral.wav,Sim,Não,Não,Não,Não,Não,,,,,,
,bfamcv08_segment295_neutral.wav,Sim,Não,Não,Não,Não,Não,,,,,,
,bfamcv08_segment294_non-neutral-female.wav,Sim,Não,Não,Não,Não,Não,,,,,,
,bfamcv08_segment165_neutral.wav,Não,Não,Não,Sim,Não,Não,,,,,,
,bfamcv08_segment161_non-neutral-female.wav,Não,Não,Não,Não,Não,Não,,,,,,
,bfamcv08_segment159_neutral.wav,Não,Não,Não,Não,Não,Não,,,,,,
,bfamcv08_segment157_neutral.wav,Não,Não,Não,Não,Não,Não,,,,,,
,bfamcv08_segment110_neutral.wav,Sim,Não,Não,Não,Não,Não,,,,,,
,bfamcv07_segment200_neutral.wav,Sim,Sim,Não,Não,Não,Não,,,,,,
,bfamcv07_segment198_neutral.wav,Não,Sim,Sim,Não,Sim,Não,,,,,,
,bfamcv07_segment195_non-neutral-male.wav,Não,Não,Não,Sim,Não,Não,,,,,,
,bfamcv07_segment190_neutral.wav,Não,Não,Não,Não,Não,Não,,,,,,
,bfamcv05_segment271_non-neutral-male.wav,Sim,Não,Não,Não,Não,Não,,,,,,
,bfamcv05_segment200_neutral.wav,Não,Não,Não,Não,Não,Não,,,,,,
,bfamcv05_segment172_neutral.wav,Sim,Não,Não,Não,Não,Não,,,,,,
,bfamcv04_segment99_neutral.wav,Não,Sim,Sim,Não,Sim,Não,,,,,,
,bfamcv04_segment485_neutral.wav,Não,Sim,Não,Não,Não,Não,,,,,,
,bfamcv04_segment457_non-neutral-female.wav,Sim,Não,Não,Não,Não,Não,,,,,,
,bfamcv04_segment431_neutral.wav,Sim,Sim,Não,Não,Não,Não,,,,,,
,bfamcv04_segment423_neutral.wav,Não,Não,Não,Não,Não,Não,,,,,,
,bfamcv04_segment401_non-neutral-female.wav,Não,Sim,Sim,Não,Sim,Não,,,,,,
,bfamcv04_segment203_neutral.wav,Não,Sim,Não,Não,Não,Não,"Non-neutral, uma das vozes fala rindo",,,,,
,bfamcv04_segment187_neutral.wav,Não,Não,Não,Não,Não,Não,,,,,,
,bfamcv04_segment161_non-neutral-female.wav,Não,Sim,Sim,Não,Sim,Não,,,,,,
,bfamcv04_segment153_neutral.wav,Sim,Não,Não,Não,Não,Não,,,,,,
,bfamcv04_segment149_neutral.wav,Não,Sim,Sim,Não,Sim,Não,,,,,,
,bfamcv04_segment145_neutral.wav,Não,Não,Não,Sim,Não,Não,,,,,,
,bfamcv04_segment140_neutral.wav,Não,Não,Não,Não,Não,Não,,,,,,
,bfamcv04_segment131_non-neutral-female.wav,Não,Sim,Sim,Não,Sim,Não,,,,,,
,bfamcv04_segment103_neutral.wav,Não,Sim,Não,Não,Não,Não,,,,,,
,bfamcv03_segment253_neutral.wav,Não,Não,Não,Não,Não,Não,,,,,,
,bfamcv03_segment232_neutral.wav,Sim,Não,Não,Não,Não,Não,,,,,,
,bfamcv03_segment227_non-neutral-male.wav,Não,Sim,Não,Não,Não,Não,,,,,,
,bfamcv03_segment217_neutral.wav,Sim,Não,Não,Não,Não,Não,,,,,,
,bfamcv02_segment391_neutral.wav,Não,Sim,Não,Não,Não,Não,,,,,,
,bfamcv02_segment388_neutral.wav,Não,Não,Não,Não,Não,Não,,,,,,
,bfamcv02_segment313_neutral.wav,Não,Sim,Não,Não,Não,Não,,,,,,
,bfamcv02_segment303_non-neutral-female.wav,Não,Não,Não,Não,Não,Não,,,,,,
,bfamcv02_segment301_neutral.wav,Não,Sim,Não,Não,Não,Não,,,,,,
,bfamcv02_segment296_neutral.wav,Sim,Não,Não,Não,Não,Não,,,,,,
,bfamcv02_segment291_neutral.wav,Sim,Sim,Não,Não,Não,Não,,,,,,
,bfamcv02_segment282_non-neutral-female.wav,Não,Sim,Não,Não,Não,Não,,,,,,
,bfamcv02_segment276_neutral.wav,Sim,Não,Não,Não,Não,Não,,,,,,
,bfamcv02_segment259_neutral.wav,Não,Sim,Não,Não,Não,Não,,,,,,
,bfamcv02_segment258_neutral.wav,Sim,Não,Não,Não,Não,Não,,,,,,
,bfamcv02_segment252_neutral.wav,Não,Sim,Não,Não,Não,Não,,,,,,
,bfamcv02_segment239_neutral.wav,Não,Não,Não,Não,Não,Não,,,,,,
,bfamcv02_segment231_non-neutral-female.wav,Sim,Não,Não,Não,Não,Não,,,,,,
,bfamcv02_segment221_non-neutral-female.wav,Não,Não,Não,Sim,Não,Não,,,,,,
,bfamcv02_segment213_neutral.wav,Não,Não,Não,Não,Não,Não,,,,,,
,bfamcv02_segment206_neutral.wav,Sim,Não,Não,Não,Não,Não,,,,,,
,bfamcv02_segment204_neutral.wav,Não,Sim,Não,Não,Não,Não,,,,,,
,bfamcv02_segment202_neutral.wav,Não,Não,Não,Não,Não,Não,,,,,,
,bfamcv02_segment200_non-neutral-female.wav,Não,Não,Não,Não,Não,Não,,,,,,
,bfamcv02_segment185_neutral.wav,Não,Não,Não,Não,Não,Não,,,,,,
,bfamcv02_segment179_neutral.wav,Não,Não,Não,Não,Não,Não,,,,,,
,bfamcv02_segment157_neutral.wav,Não,Sim,Não,Não,Não,Não,,,,,,
,bfamcv02_segment116_non-neutral-female.wav,Sim,Não,Não,Não,Não,Não,,,,,,
,bfamcv02_segment110_non-neutral-female.wav,Não,Sim,Não,Não,Não,Não,,,,,,
,bfamcv02_segment100_neutral.wav,Sim,Não,Não,Não,Não,Não,,,,,,
,bfamcv01_segment200_non-neutral-male.wav,Sim,Sim,Não,Sim,Não,Não,,,,,,
,bfamcv01_segment195_neutral.wav,Sim,Não,Não,Sim,Não,Não,"Non-neutral, há risada final de uma das vozes",,,,,
,bfamcv01_segment194_neutral.wav,Sim,Não,Não,Sim,Não,Não,"Non-neutral, há risada final de uma das vozes",,,,,
,bfamcv01_segment191_non-neutral-male.wav,Não,Não,Não,Sim,Não,Não,,,,,,
,bfamcv01_segment181_neutral.wav,Sim,Não,Não,Não,Não,Não,,,,,,
,bfamcv01_segment177_neutral.wav,Sim,Não,Não,Não,Não,Não,,,,,,
,bfamcv01_segment173_neutral.wav,Não,Não,Não,Sim,Não,Não,,,,,,
,bfamcv01_segment170_non-neutral-male.wav,Não,Sim,Não,Não,Não,Não,,,,,,
,bfamcv01_segment168_non-neutral-male.wav,Sim,Sim,Não,Não,Não,Não,,,,,,
,bfamcv01_segment163_neutral.wav,Sim,Não,Não,Não,Não,Não,,,,,,